{
    "meta_data": [
        {
            "config": {
                "DBM": true,
                "continue_training": false,
                "task_id": "000",
                "envs_NK": [
                    [
                        2,
                        2
                    ],
                    [
                        2,
                        3
                    ]
                ],
                "use_pretrained_model": false,
                "pretrained_model_id": "None",
                "new_ineq_num_factor": 0.5,
                "log_dir": "02all_data/000",
                "num_worker": 1,
                "about_training": "\n **   ** \n**** ****\n*********\n *******\n  *****\n   ***\n    *\n\u5148\u6d4b\u8bd5\u4e00\u4e0b\u4f7f\u7528\u5355\u4e2aworker\u8bad\u7ec3\u5c0f\u95ee\u9898\u7684\u6548\u679c\u54ce\u3002",
                "max_rollout_num": 1000,
                "n_directions": 4,
                "evaluate_time": 3,
                "learning_rate": 0.01,
                "gamma": 0.97,
                "std": 0.02,
                "rollout_length": 10,
                "network_param": {
                    "hsize": 64,
                    "numlayers": 2,
                    "embed": 100,
                    "numvars": 383
                },
                "device": "cuda"
            },
            "start_time": "2025-08-02 21:38:34",
            "start_time_in_seconds": 1754141914.7453668,
            "end_time": null,
            "end_time_in_seconds": null
        }
    ],
    "evaluate_average_rewards": [
        0.3440105878274431,
        0.080704414118699,
        0.080704414118699,
        0.080704414118699,
        1.4751269687233541e-16,
        0.0,
        0.0
    ],
    "clocktime": [
        26.088665008544922,
        26.915335655212402,
        26.070344924926758,
        27.25261878967285,
        25.87375521659851,
        26.969358444213867,
        27.22985601425171
    ],
    "results": [
        [
            [
                0,
                [
                    0.0,
                    0.6880211756548871
                ],
                [
                    5,
                    6
                ]
            ],
            [
                1,
                [
                    0.0,
                    0.6880211756548862
                ],
                [
                    5,
                    6
                ]
            ],
            [
                2,
                [
                    0.161408828237398,
                    0.6880211756548862
                ],
                [
                    6,
                    6
                ]
            ],
            [
                3,
                [
                    0.0,
                    0.161408828237398
                ],
                [
                    5,
                    6
                ]
            ],
            [
                4,
                [
                    0.0,
                    0.6880211756548862
                ],
                [
                    5,
                    6
                ]
            ],
            [
                5,
                [
                    0.0,
                    0.6880211756548862
                ],
                [
                    5,
                    6
                ]
            ],
            [
                6,
                [
                    0.0,
                    0.6880211756548862
                ],
                [
                    5,
                    6
                ]
            ]
        ],
        [
            [
                0,
                [
                    0.0,
                    0.161408828237398
                ],
                [
                    5,
                    6
                ]
            ],
            [
                1,
                [
                    0.0,
                    0.64203369919196
                ],
                [
                    5,
                    9
                ]
            ],
            [
                2,
                [
                    0.161408828237398,
                    0.6722228052323616
                ],
                [
                    6,
                    7
                ]
            ],
            [
                3,
                [
                    0.0,
                    2.5070612252875437e-17
                ],
                [
                    5,
                    5
                ]
            ],
            [
                4,
                [
                    0.0,
                    0.161408828237398
                ],
                [
                    5,
                    6
                ]
            ],
            [
                5,
                [
                    0.0,
                    0.161408828237398
                ],
                [
                    5,
                    6
                ]
            ],
            [
                6,
                [
                    0.0,
                    0.161408828237398
                ],
                [
                    5,
                    6
                ]
            ]
        ],
        [
            [
                0,
                [
                    0.0,
                    0.161408828237398
                ],
                [
                    5,
                    6
                ]
            ],
            [
                1,
                [
                    0.0,
                    0.161408828237398
                ],
                [
                    5,
                    6
                ]
            ],
            [
                2,
                [
                    0.0,
                    0.15186956648856775
                ],
                [
                    5,
                    8
                ]
            ],
            [
                3,
                [
                    0.0,
                    0.688021175654887
                ],
                [
                    5,
                    6
                ]
            ],
            [
                4,
                [
                    0.0,
                    0.161408828237398
                ],
                [
                    5,
                    6
                ]
            ],
            [
                5,
                [
                    0.0,
                    0.161408828237398
                ],
                [
                    5,
                    6
                ]
            ],
            [
                6,
                [
                    0.0,
                    0.161408828237398
                ],
                [
                    5,
                    6
                ]
            ]
        ],
        [
            [
                0,
                [
                    0.0,
                    0.15656656339027605
                ],
                [
                    5,
                    7
                ]
            ],
            [
                1,
                [
                    0.0,
                    0.64203369919196
                ],
                [
                    5,
                    9
                ]
            ],
            [
                2,
                [
                    0.0,
                    0.6880211756548862
                ],
                [
                    5,
                    6
                ]
            ],
            [
                3,
                [
                    0.1428940751090934,
                    0.0
                ],
                [
                    10,
                    5
                ]
            ],
            [
                4,
                [
                    0.0,
                    0.161408828237398
                ],
                [
                    5,
