{
    "meta_data": [
        {
            "config": {
                "DBM": true,
                "continue_training": false,
                "task_id": "004",
                "envs_NK": [
                    [
                        2,
                        2
                    ],
                    [
                        2,
                        3
                    ]
                ],
                "use_pretrained_model": false,
                "pretrained_model_id": "None",
                "new_ineq_num_factor": 0.5,
                "log_dir": "02all_data/004",
                "num_worker": 3,
                "about_training": "\u6539\u62103\u4e2a\u770b\u770b\u5e76\u884c\u8ba1\u7b97\u7684\u6548\u679c\u54ce\u3002\n **   ** \n**** ****\n*********\n *******\n  *****\n   ***\n    *",
                "max_rollout_num": 1000,
                "n_directions": 4,
                "evaluate_time": 3,
                "learning_rate": 0.01,
                "gamma": 0.97,
                "std": 0.02,
                "rollout_length": 10,
                "network_param": {
                    "hsize": 64,
                    "numlayers": 2,
                    "embed": 100,
                    "numvars": 383
                },
                "device": "cuda"
            },
            "start_time": "2025-08-03 14:40:12",
            "start_time_in_seconds": 1754203212.267154,
            "end_time": null,
            "end_time_in_seconds": null
        }
    ],
    "evaluate_average_rewards": [
        0.0,
        0.0,
        0.0,
        -4.30766533554561e-18,
        0.0
    ],
    "clocktime": [
        18.979234218597412,
        19.506516456604004,
        19.666515827178955,
        18.518192768096924,
        19.247586727142334
    ],
    "results": [
        [
            [
                0,
                [
                    0.0,
                    0.0
                ],
                [
                    5,
                    5
                ]
            ],
            [
                1,
                [
                    0.0,
                    0.15656656339027605
                ],
                [
                    5,
                    7
                ]
            ],
            [
                2,
                [
                    0.0,
                    0.0
                ],
                [
                    5,
                    5
                ]
            ],
            [
                3,
                [
                    0.0,
                    0.0
                ],
                [
                    5,
                    5
                ]
            ],
            [
                4,
                [
                    0.0,
                    0.0
                ],
                [
                    5,
                    5
                ]
            ],
            [
                5,
                [
                    0.0,
                    0.0
                ],
                [
                    5,
                    5
                ]
            ],
            [
                6,
                [
                    0.0,
                    0.0
                ],
                [
                    5,
                    5
                ]
            ]
        ],
        [
            [
                0,
                [
                    0.0,
                    0.0
                ],
                [
                    5,
                    5
                ]
            ],
            [
                1,
                [
                    0.0,
                    0.0
                ],
                [
                    5,
                    5
                ]
            ],
            [
                2,
                [
                    0.0,
                    0.161408828237398
                ],
                [
                    5,
                    6
                ]
            ],
            [
                3,
                [
                    0.0,
                    0.0
                ],
                [
                    5,
                    5
                ]
            ],
            [
                4,
                [
                    0.0,
                    0.0
                ],
                [
                    5,
                    5
                ]
            ],
            [
                5,
                [
                    0.0,
                    0.0
                ],
                [
                    5,
                    5
                ]
            ],
            [
                6,
                [
                    0.0,
                    0.0
                ],
                [
                    5,
                    5
                ]
            ]
        ],
        [
            [
                0,
                [
                    0.0,
                    0.161408828237398
                ],
                [
                    5,
                    6
                ]
            ],
            [
                1,
                [
                    0.0,
                    0.0
                ],
                [
                    5,
                    5
                ]
            ],
            [
                2,
                [
                    0.0,
                    0.161408828237398
                ],
                [
                    5,
                    6
                ]
            ],
            [
                3,
                [
                    0.0,
                    0.0
                ],
                [
                    5,
                    5
                ]
            ],
            [
                4,
                [
                    0.0,
                    0.0
                ],
                [
                    5,
                    5
                ]
            ],
            [
                5,
                [
                    0.0,
                    0.0
                ],
                [
                    5,
                    5
                ]
            ],
            [
                6,
                [
                    0.0,
                    0.0
                ],
                [
                    5,
                    5
                ]
            ]
        ],
        [
            [
                0,
                [
                    0.0,
                    0.0
                ],
                [
                    5,
                    5
                ]
            ],
            [
                1,
                [
                    0.0,
                    0.0
                ],
                [
                    5,
                    5
                ]
            ],
            [
                2,
                [
                    0.0,
                    0.161408828237398
                ],
                [
                    5,
                    6
                ]
            ],
            [
                3,
                [
                    0.0,
                    0.0
                ],
                [
                    5,
                    5
                ]
            ],
            [
                4,
                [
                    0.0,
                    -2.5845992013273657e-17
                ],
                [
                    5,
                    5
                ]
            ],
            [
                5,
                [
                    0.0,
                    0.0
                ],
                [
                    5,
                    5
                ]
            ],
            [
                6,
                [
                    0.0,
                    0.0
                ],
                [
                    5,
                    5
                ]
            ]
        ],
        [
